Id,Title,Subtitle,Location,Date
2442891333,"Product Analyst, Google Health",Google,"London, England, United Kingdom",3 weeks ago
2443210310,Junior Data Analyst,Flint Bishop,"Derby, England, United Kingdom",
2441344121,Junior Software Engineer,Terrafirma,"Bristol, England, United Kingdom",
2442943567,Graduate Analyst,Amazon,"London, England, United Kingdom",4 weeks ago
2437974915,Junior Data Engineer,Ferrari Healy,"London, England, United Kingdom",5 days ago
2437972703,"Python Developer, Associate",BlackRock,"London, England, United Kingdom",5 days ago
2443208982,Python Developer,Preferred Choice,"London, England, United Kingdom",
2428882376,Data Analyst,Oliver Wyman,"Newcastle upon Tyne, England, United Kingdom",2 weeks ago
2427279827,Junior Software Developer - Analytics Cloud,Oracle,"Bristol, England, United Kingdom",2 days ago
2456757421,Backend Engineer (Python),Sugar,"London, England, United Kingdom",6 days ago
2455329870,Junior Python Developer,Magnus Search,"Liverpool, England, United Kingdom",1 week ago
2437108814,Junior Software Engineer,GfK,"London, England, United Kingdom",7 days ago
2437921594,Backend Python Engineer - Fully Remote.,Few&Far ,United Kingdom,6 days ago
2440288145,Python Developer,Zilch,"London, England, United Kingdom",
2432102199,Junior Python Developer,Quant Capital,"London, England, United Kingdom",2 days ago
2437960042,"Python SDET, Â£75k, Reading",Austin Fraser,"Reading, England, United Kingdom",5 days ago
2429320007,Python Developer - Fully Remote,ITECCO,"Leeds, England, United Kingdom",4 weeks ago
2430752276,Python Developer - Fully Remote,ITECCO,"Leeds, England, United Kingdom",4 weeks ago
2430751394,Python Developer - Fully Remote,ITECCO,"Leeds, England, United Kingdom",4 weeks ago
2447989899,Python Developer,The M-Wek Company,"Oxford, England, United Kingdom",2 days ago
2458311841,Python Developer,Zenkraft,United Kingdom,5 days ago
2433075485,Data Scientist,Visa,"London, England, United Kingdom",2 weeks ago
2448558446,Junior Software Engineer,GeoSLAM,"Ruddington, England, United Kingdom",1 week ago
2462845484,Junior Data Analyst,ClearGlass,"London, England, United Kingdom",2 weeks ago
2463673279,Data Scientist - Junior,Olivetree Group,"London, England, United Kingdom",1 day ago
